region,year,population,low_income_pop,grdp_per_capita,practicing,aid_cases,total_cases,civil_main,criminal_trial
서울,2008,10200827.0,,27894.0,,,,,
경기,2008,11292264.0,,20863.0,,,,,
인천,2008,2692696.0,,19970.0,,,,,
강원,2008,1508575.0,,,,,,,
충북,2008,1519587.0,,22378.0,,,,,
대전권,2008,3499432.0,,26206.33069766751,,,,,
대구권,2008,5166655.0,,22240.683047542367,,,,,
부산,2008,3564577.0,,18167.0,,,,,
울산,2008,1112407.0,,48794.0,,,,,
경남,2008,3225255.0,,26038.0,,,,,
광주권,2008,3341702.0,,24355.011473195395,,,,,
전북,2008,1855772.0,,,,,,,
제주,2008,560618.0,,17655.0,,,,,
서울,2009,10208302.0,202445.0,28967.0,,,,,
경기,2009,11460610.0,201012.0,21731.0,,,,,
인천,2009,2710579.0,69722.0,20871.0,,,,,
강원,2009,1512870.0,63753.0,,,,,,
충북,2009,1527478.0,53432.0,23467.0,,,,,
대전권,2009,3521762.0,115610.0,28646.427330410177,,,,,
대구권,2009,5159657.0,221135.0,22912.10619329928,,,,,
부산,2009,3543030.0,138062.0,18208.0,,,,,
울산,2009,1114866.0,18388.0,46624.0,,,,,
경남,2009,3250176.0,101149.0,26942.0,,,,,
광주권,2009,3346644.0,167487.0,24269.97810941349,,,,,
전북,2009,1854508.0,108326.0,,,,,,
제주,2009,562663.0,22198.0,19421.0,,,,,
서울,2010,10312545.0,201204.0,31053.0,,,,,
경기,2010,11786622.0,196412.0,23972.0,,,,,
인천,2010,2758296.0,69939.0,23234.0,,,,,
강원,2010,1529818.0,62850.0,,,,,,
충북,2010,1549528.0,51817.0,26455.0,,,,,
대전권,2010,3579178.0,112884.0,32134.55750677949,,,,,
대구권,2010,5201596.0,218143.0,25150.619910504392,,,,,
부산,2010,3567910.0,138317.0,19223.0,,,,,
울산,2010,1126298.0,17802.0,55585.0,,,,,
경남,2010,3290536.0,98419.0,28026.0,,,,,
광주권,2010,3373121.0,162799.0,27824.550821627803,,,,,
전북,2010,1868963.0,105192.0,,,,,,
제주,2010,571255.0,22420.0,20366.0,,,,,
서울,2011,10249679.0,194119.0,32407.0,,,,,
경기,2011,11937415.0,186896.0,24763.0,,,,,
인천,2011,2801274.0,67929.0,23384.0,,,,,
강원,2011,1536448.0,58949.0,,,,,,
충북,2011,1562903.0,47909.0,28050.0,,,,,
대전권,2011,3616887.0,105252.0,34104.13334782093,,,,,
대구권,2011,5206466.0,205740.0,26106.718958694823,,,,,
부산,2011,3550963.0,134837.0,19700.0,,,,,
울산,2011,1135494.0,16194.0,61755.0,,,,,
경남,2011,3308765.0,92674.0,29072.0,,,,,
광주권,2011,3377803.0,150113.0,28421.554667042452,,,,,
전북,2011,1874031.0,97559.0,,,,,,
제주,2011,576156.0,21694.0,22041.0,,,,,
서울,2012,10195318.0,188017.0,33312.0,,29298.0,,,
경기,2012,12093299.0,178155.0,26007.0,,26120.291354048393,,,
인천,2012,2843981.0,66713.0,23770.0,,6142.708645951606,,,
강원,2012,1538630.0,54936.0,,,4635.0,,,
충북,2012,1565628.0,43908.0,29177.0,,4999.0,,,
대전권,2012,3666477.0,98226.0,34321.178959632576,,8283.0,,,
대구권,2012,5203997.0,190992.0,26859.578161555437,,12892.0,,,
부산,2012,3538484.0,128650.0,20554.0,,8575.406187141274,,,
울산,2012,1147256.0,14819.0,62242.0,,2780.3393206341893,,,
경남,2012,3319314.0,87559.0,30124.0,,8044.254492224537,,,
광주권,2012,3378834.0,138777.0,29068.929933225485,,8000.0,,,
전북,2012,1873341.0,89906.0,,,5776.0,,,
제주,2012,583713.0,19841.0,23525.0,,1352.0,,,
서울,2013,10143645.0,190480.0,34105.0,,31535.0,,,
경기,2013,12234630.0,175069.0,27492.0,,27936.353101926823,,,
인천,2013,2879782.0,66568.0,24526.0,,6575.646898073177,,,
강원,2013,1542263.0,52402.0,,,4570.0,,,
충북,2013,1572732.0,40668.0,30507.0,,5178.0,,,
대전권,2013,3702595.0,93765.0,36033.01038595904,,9131.0,,,
대구권,2013,5201028.0,182917.0,28074.0130158884,,13436.0,,,
부산,2013,3527635.0,124218.0,21217.0,,9068.620863102533,,,
울산,2013,1156480.0,14339.0,62653.0,,2973.005613041263,,,
경남,2013,3333820.0,83312.0,30416.0,,8570.373523856204,,,
광주권,2013,3380082.0,131057.0,30084.827349750685,,9439.0,,,
전북,2013,1872965.0,84720.0,,,6457.0,,,
제주,2013,593806.0,19067.0,24491.0,,1877.0,,,
서울,2014,10103233.0,194808.0,35113.0,,33093.0,,,
경기,2014,12357830.0,175449.0,28638.0,,28035.11108920989,,,
인천,2014,2902608.0,67594.0,26068.0,,6584.88891079011,,,
강원,2014,1544442.0,50943.0,,,5064.0,,,
충북,2014,1578933.0,39339.0,31729.0,,5283.0,,,
대전권,2014,3750207.0,91505.0,37303.33161689475,,11245.0,,,
대구권,2014,5194058.0,176189.0,29613.414703493876,,15460.0,,,
부산,2014,3519401.0,120989.0,22467.0,,9128.24235372295,,,
울산,2014,1166377.0,14396.0,60925.0,,3025.2227387013622,,,
경남,2014,3350257.0,80872.0,30555.0,,8689.53490757569,,,
광주권,2014,3381664.0,125878.0,30402.513920957255,,9457.0,,,
전북,2014,1871560.0,81465.0,,,6820.0,,,
제주,2014,607346.0,17959.0,25968.0,,1968.0,,,
서울,2015,10022181.0,246580.0,37236.0,,34602.0,,,
경기,2015,12522606.0,243282.0,30748.0,,29085.407879938022,,,
인천,2015,2925815.0,92872.0,27798.0,,6795.59212006198,,,
강원,2015,1549507.0,59442.0,,,5253.0,,,
충북,2015,1583952.0,49727.0,34728.0,,5386.0,,,
대전권,2015,3807308.0,113728.0,38639.6963794366,,11693.0,,,
대구권,2015,5190655.0,209617.0,30113.31860795988,,16216.0,,,
부산,2015,3513777.0,146599.0,23956.0,,9519.736897468993,,,
울산,2015,1173534.0,20343.0,62605.0,,3179.409199910631,,,
경남,2015,3364702.0,100991.0,32007.0,,9115.853902620376,,,
광주권,2015,3381195.0,151065.0,31720.799984916575,,9078.0,,,
전북,2015,1869711.0,97750.0,,,6268.0,,,
제주,2015,624395.0,22488.0,28280.0,,1969.0,,,
서울,2016,9930616.0,255226.0,39356.0,,33246.0,,,
경기,2016,12716780.0,248944.0,32336.0,,31150.72698338279,,,
인천,2016,2943069.0,95767.0,29120.0,,7209.2730166172105,,,
강원,2016,1550806.0,58500.0,,,4716.0,,,
충북,2016,1591625.0,48294.0,37273.0,,4657.0,,,
대전권,2016,3854145.0,113077.0,40090.31409145219,,11987.0,,,
대구권,2016,5184955.0,200073.0,31204.77154266527,,15707.0,,,
부산,2016,3498529.0,143911.0,24815.0,,10071.524460191451,,,
울산,2016,1172304.0,17687.0,64021.0,,3374.8150753588943,,,
경남,2016,3373871.0,98229.0,32758.0,,9712.660464449655,,,
광주권,2016,3373128.0,144126.0,33154.204492091616,,9358.0,,,
전북,2016,1864791.0,94287.0,,,6788.0,,,
제주,2016,641597.0,21418.0,30284.0,,2110.0,,,
서울,2017,9857426.0,251809.0,41374.0,,33056.0,,,
경기,2017,12873895.0,246032.0,35307.0,,31036.60484001295,,,
인천,2017,2948542.0,94159.0,30284.0,,7108.395159987049,,,
강원,2017,1550142.0,56528.0,,,4861.0,,,
충북,2017,1594432.0,46052.0,40590.0,,5282.0,,,
대전권,2017,3899097.0,108703.0,42232.05060069037,,10197.0,,,
대구권,2017,5166937.0,190647.0,32114.243194759292,,15586.0,,,
부산,2017,3470653.0,139779.0,25650.0,,10229.006299377423,,,
울산,2017,1165132.0,17764.0,65370.0,,3433.976997298841,,,
경남,2017,3380404.0,95027.0,32789.0,,9963.016703323736,,,
광주권,2017,3360194.0,135822.0,34177.510888954625,,9528.0,,,
전북,2017,1854607.0,89275.0,,,7077.0,,,
제주,2017,657083.0,20053.0,31470.0,,2088.0,,,
서울,2018,9765623.0,277991.0,43664.0,,33627.0,,,
경기,2018,13077153.0,281505.0,36821.0,,33474.74221158641,,,
인천,2018,2954642.0,105440.0,30194.0,,7563.257788413587,,,
강원,2018,1543052.0,62914.0,,,4769.0,,,
충북,2018,1599252.0,53726.0,43016.0,,5779.0,,,
대전권,2018,3930344.0,118564.0,41915.01044590499,,10903.0,,,
대구권,2018,5138600.0,205632.0,32280.75131475499,,14913.0,,,
부산,2018,3441453.0,153741.0,26464.0,,10230.587822152727,,,
울산,2018,1155623.0,21894.0,63793.0,,3435.381099436662,,,
경남,2018,3373988.0,106360.0,32993.0,,10030.031078410611,,,
광주권,2018,3342306.0,148928.0,35373.347268023936,,10464.0,,,
전북,2018,1836832.0,95745.0,,,7087.0,,,
제주,2018,667191.0,21341.0,30721.0,,2309.0,,,
서울,2019,9729107.0,306548.0,45118.0,,33706.0,,,
경기,2019,13239666.0,312511.0,36064.0,,37649.20248085226,,,
인천,2019,2957026.0,117111.0,30584.0,,8408.797519147736,,,
강원,2019,1541502.0,67269.0,,,5089.0,,,
충북,2019,1600007.0,57076.0,42704.0,,5007.0,,,
대전권,2019,3939154.0,125687.0,41755.7447324984,,11984.0,,,
대구권,2019,5103867.0,219361.0,32344.011496577008,,15782.0,,,
부산,2019,3413841.0,167251.0,27577.0,,12059.828905182,,,
울산,2019,1148019.0,25545.0,65112.0,,4055.523593482571,,,
경남,2019,3362553.0,115599.0,34040.0,,11878.64750133543,,,
광주권,2019,3325213.0,154845.0,36567.77007127062,,11741.0,,,
전북,2019,1818917.0,100656.0,,,7857.0,,,
제주,2019,670989.0,22553.0,30792.0,,2821.0,,,
서울,2020,9668465.0,359244.0,46221.0,,30263.0,,,
경기,2020,13427014.0,362988.0,36521.0,,29944.90888256588,,,
인천,2020,2942828.0,137676.0,30367.0,,6563.091117434121,,,
강원,2020,1542840.0,74329.0,,,3921.0,,,
충북,2020,1600837.0,63967.0,42667.0,,4145.0,,,
대전권,2020,3940742.0,141400.0,42915.50626734762,,8766.0,,,
대구권,2020,5057768.0,244723.0,32247.678852410787,,13094.0,,,
부산,2020,3391946.0,191283.0,27204.0,,10427.798070430274,,,
울산,2020,1136017.0,32210.0,60895.0,,3492.4364599483565,,,
경남,2020,3340216.0,132073.0,33186.0,,10268.76546962137,,,
광주권,2020,3301611.0,169503.0,37138.885301448296,,9514.0,,,
전북,2020,1804104.0,109921.0,,,6458.0,,,
제주,2020,674635.0,26896.0,29334.0,,2140.0,,,
서울,2021,9509458.0,392527.0,49680.0,,27676.0,,,
경기,2021,13565450.0,404621.0,38879.0,,28871.040216303612,,,
인천,2021,2948375.0,153668.0,33551.0,,6274.959783696388,,,
강원,2021,1538492.0,79753.0,,,3662.0,,,
충북,2021,1597427.0,71095.0,46123.0,,3364.0,,,
대전권,2021,3943403.0,156989.0,46199.39515667052,,9408.0,,,
대구권,2021,5012021.0,273094.0,34637.04529170967,,12544.0,,,
부산,2021,3350380.0,212567.0,29395.0,,9548.349885148704,,,
울산,2021,1121592.0,37476.0,69392.0,,3196.459161164914,,,
경남,2021,3314183.0,151161.0,34046.0,,9445.190953686382,,,
광주권,2021,3274414.0,185123.0,40857.82808313182,,9141.0,,,
전북,2021,1786855.0,120144.0,,,6459.0,,,
제주,2021,676759.0,30634.0,29988.0,,2012.0,,,
서울,2022,9428372.0,402664.0,51612.0,,21245.0,,,
경기,2022,13589432.0,424697.0,39969.0,,20369.276302481176,,,
인천,2022,2967314.0,160101.0,35295.0,,4447.723697518824,,,
강원,2022,1536498.0,81160.0,,,2423.0,,,
충북,2022,1595058.0,73264.0,48616.0,,2746.0,,,
대전권,2022,3952700.0,163313.0,47653.638752751285,,7402.0,,,
대구권,2022,4964183.0,283232.0,35720.04385978518,,10155.0,,,
부산,2022,3317812.0,222452.0,31611.0,,7999.966980794316,,,
울산,2022,1110663.0,40376.0,77511.0,,2678.0502713203637,,,
경남,2022,3280493.0,162489.0,36501.0,,7909.98274788532,,,
광주권,2022,3248747.0,190352.0,42382.20462658373,,8162.0,,,
전북,2022,1769607.0,123431.0,,,4582.0,,,
제주,2022,678159.0,31697.0,31150.0,,1767.0,,,
서울,2023,9386034.0,418212.0,,,21262.0,,,
경기,2023,13630821.0,452805.0,,,23419.14333214399,,,
인천,2023,2997410.0,167473.0,,,5149.856667856009,,,
강원,2023,1527807.0,82055.0,,,2457.0,,,
충북,2023,1593469.0,76073.0,,,2855.0,,,
대전권,2023,3958860.0,170067.0,,,6491.0,,,
대구권,2023,4929284.0,293268.0,,,11336.0,,,
부산,2023,3293362.0,230100.0,,,8685.778344157912,,,
울산,2023,1103661.0,42577.0,,,2910.7504164715765,,,
경남,2023,3251158.0,170441.0,,,8574.471239370512,,,
광주권,2023,3223454.0,195854.0,,,8267.0,,,
전북,2023,1754757.0,126481.0,,,4377.0,,,
제주,2023,675252.0,33202.0,,,1911.0,,,
서울,2024,9331828.0,434287.0,,24572.0,22072.0,398500.0,340346.0,41876.0
경기,2024,13694685.0,483643.0,,1883.0,25925.832388363153,200902.0,138246.0,48930.0
인천,2024,3021010.0,177093.0,,748.0,5719.167611636848,81341.0,54582.0,22003.0
강원,2024,1517766.0,84290.0,,192.0,3020.0,23226.0,13904.0,7805.0
충북,2024,1591177.0,79187.0,,232.0,2891.0,24972.0,15708.0,7690.0
대전권,2024,3966416.0,178605.0,,813.0,6686.0,67013.0,43280.0,19380.0
대구권,2024,4895013.0,306063.0,,847.0,12661.0,78234.0,49661.0,23805.0
부산,2024,3266598.0,238549.0,,1210.0,9479.682731274364,64768.0,43434.0,18049.0
울산,2024,1098049.0,45042.0,,252.0,3186.543352868362,22465.0,13675.0,6967.0
경남,2024,3228380.0,178321.0,,420.0,9368.773915857273,43385.0,27262.0,13138.0
광주권,2024,3197241.0,203162.0,,629.0,8742.0,59419.0,38921.0,16962.0
전북,2024,1738690.0,130243.0,,321.0,4935.0,27523.0,17321.0,8504.0
제주,2024,670368.0,35293.0,,154.0,2495.0,14778.0,9026.0,4872.0
서울,2025,9299548.0,,,,23343.0,,,
경기,2025,13730135.0,,,,30663.956385424084,,,
인천,2025,3051961.0,,,,6816.043614575915,,,
강원,2025,1508500.0,,,,2968.0,,,
충북,2025,1596502.0,,,,2948.0,,,
대전권,2025,3969447.0,,,,7039.0,,,
대구권,2025,4859558.0,,,,13482.0,,,
부산,2025,3241600.0,,,,10505.528083999177,,,
울산,2025,1091948.0,,,,3538.835877426806,,,
경남,2025,3207383.0,,,,10394.636038574017,,,
광주권,2025,3171148.0,,,,10099.0,,,
전북,2025,1724856.0,,,,5747.0,,,
제주,2025,664792.0,,,,3093.0,,,
